Artist ID, Artist Name, Popularity, Genres, Images
2uWcrwgWmZcQc3IPBs3tfU, Apink, 54, k-pop || k-pop girl group, https://i.scdn.co/image/ab6761610000e5eb5d7e6f087811f89d7c8f0706 (size: 640) || https://i.scdn.co/image/ab676161000051745d7e6f087811f89d7c8f0706 (size: 320) || https://i.scdn.co/image/ab6761610000f1785d7e6f087811f89d7c8f0706 (size: 160)
0qlWcS66ohOIi0M8JZwPft, GFRIEND, 61, k-pop || k-pop girl group, https://i.scdn.co/image/ab6761610000e5ebd0701912e6fccf8427bc7361 (size: 640) || https://i.scdn.co/image/ab67616100005174d0701912e6fccf8427bc7361 (size: 320) || https://i.scdn.co/image/ab6761610000f178d0701912e6fccf8427bc7361 (size: 160)
2019zR22qK2RBvCqtudBaI, OH MY GIRL, 56, k-pop || k-pop girl group, https://i.scdn.co/image/ab6761610000e5eb5cd460490fb1c55b8ed8c40b (size: 640) || https://i.scdn.co/image/ab676161000051745cd460490fb1c55b8ed8c40b (size: 320) || https://i.scdn.co/image/ab6761610000f1785cd460490fb1c55b8ed8c40b (size: 160)
4SpbR6yFEvexJuaBpgAU5p, LE SSERAFIM, 82, k-pop girl group, https://i.scdn.co/image/ab6761610000e5ebd7d7064b17d00c6f8755eae6 (size: 640) || https://i.scdn.co/image/ab67616100005174d7d7064b17d00c6f8755eae6 (size: 320) || https://i.scdn.co/image/ab6761610000f178d7d7064b17d00c6f8755eae6 (size: 160)
2AfmfGFbe0A0WsTYm0SDTx, (G)I-DLE, 76, k-pop girl group, https://i.scdn.co/image/ab6761610000e5eb7fd16327c86d500f83be1d6a (size: 640) || https://i.scdn.co/image/ab676161000051747fd16327c86d500f83be1d6a (size: 320) || https://i.scdn.co/image/ab6761610000f1787fd16327c86d500f83be1d6a (size: 160)
6rJqqRce0Kvo2dJUXoHleC, Alabama, 67, contemporary country || country || country road || country rock, https://i.scdn.co/image/e62bc7c5b919ceb8145d0c73e8d04c7b8b066f73 (size: 960) || https://i.scdn.co/image/474f5b02a571f22e02f4395afbd89a5c6c95e0fe (size: 640) || https://i.scdn.co/image/44c6b5a091604a17e619208c3b1fbb0e20560cae (size: 200) || https://i.scdn.co/image/dfcc6e475684de78f1cbe5016c3a5dcddddaf70c (size: 64)
3KonOYiLsU53m4yT7gNotP, TREASURE, 66, k-pop boy group, https://i.scdn.co/image/ab6761610000e5eb7f76de4231462f7e23fa6299 (size: 640) || https://i.scdn.co/image/ab676161000051747f76de4231462f7e23fa6299 (size: 320) || https://i.scdn.co/image/ab6761610000f1787f76de4231462f7e23fa6299 (size: 160)
5qRSs6mvI17zrkJpOHkCoM, iKON, 60, k-pop || k-pop boy group, https://i.scdn.co/image/ab6761610000e5eb8eb5e57e526ceb14f06ea203 (size: 640) || https://i.scdn.co/image/ab676161000051748eb5e57e526ceb14f06ea203 (size: 320) || https://i.scdn.co/image/ab6761610000f1788eb5e57e526ceb14f06ea203 (size: 160)
6YVMFz59CuY7ngCxTxjpxE, aespa, 81, k-pop girl group, https://i.scdn.co/image/ab6761610000e5eb573935eb61a1897aeb43c531 (size: 640) || https://i.scdn.co/image/ab67616100005174573935eb61a1897aeb43c531 (size: 320) || https://i.scdn.co/image/ab6761610000f178573935eb61a1897aeb43c531 (size: 160)
3qNVuliS40BLgXGxhdBdqu, TAEYEON, 66, k-pop, https://i.scdn.co/image/ab6761610000e5eb5e97e9ea9133fbfa41e27498 (size: 640) || https://i.scdn.co/image/ab676161000051745e97e9ea9133fbfa41e27498 (size: 320) || https://i.scdn.co/image/ab6761610000f1785e97e9ea9133fbfa41e27498 (size: 160)
3HqSLMAZ3g3d5poNaI7GOU, IU, 71, k-pop || pop, https://i.scdn.co/image/ab6761610000e5ebbd0642ff425698afac5caffd (size: 640) || https://i.scdn.co/image/ab67616100005174bd0642ff425698afac5caffd (size: 320) || https://i.scdn.co/image/ab6761610000f178bd0642ff425698afac5caffd (size: 160)
6RHTUrRF63xao58xh9FXYJ, IVE, 74, k-pop girl group, https://i.scdn.co/image/ab6761610000e5eb8939960e5144b51d7903899f (size: 640) || https://i.scdn.co/image/ab676161000051748939960e5144b51d7903899f (size: 320) || https://i.scdn.co/image/ab6761610000f1788939960e5144b51d7903899f (size: 160)
6HvZYsbFfjnjFrWF950C9d, NewJeans, 82, k-pop || k-pop girl group, https://i.scdn.co/image/ab6761610000e5eb80668ba2b15094d083780ea9 (size: 640) || https://i.scdn.co/image/ab6761610000517480668ba2b15094d083780ea9 (size: 320) || https://i.scdn.co/image/ab6761610000f17880668ba2b15094d083780ea9 (size: 160)
2dd5mrQZvg6SmahdgVKDzh, PSY, 64, k-rap || korean old school hip hop, https://i.scdn.co/image/ab6761610000e5eb24b5185226d5b7c6aa91db5a (size: 640) || https://i.scdn.co/image/ab6761610000517424b5185226d5b7c6aa91db5a (size: 320) || https://i.scdn.co/image/ab6761610000f17824b5185226d5b7c6aa91db5a (size: 160)
6udveWUgX4vu75FF0DTrXV, TAEYANG, 64, k-pop || korean r&b, https://i.scdn.co/image/ab6761610000e5eb496189630cd3cb0c7b593fee (size: 640) || https://i.scdn.co/image/ab67616100005174496189630cd3cb0c7b593fee (size: 320) || https://i.scdn.co/image/ab6761610000f178496189630cd3cb0c7b593fee (size: 160)
6HaGTQPmzraVmaVxvz6EUc, Jung Kook, 87, k-pop, https://i.scdn.co/image/ab6761610000e5eb40a7268dd742e5f63759b960 (size: 640) || https://i.scdn.co/image/ab6761610000517440a7268dd742e5f63759b960 (size: 320) || https://i.scdn.co/image/ab6761610000f17840a7268dd742e5f63759b960 (size: 160)
3Cv2vi3WTl8VZOTdrBkKdM, Wonder Girls, 59, k-pop || k-pop girl group, https://i.scdn.co/image/ab6761610000e5eb30a517d1b703c3eabdac2855 (size: 640) || https://i.scdn.co/image/ab6761610000517430a517d1b703c3eabdac2855 (size: 320) || https://i.scdn.co/image/ab6761610000f17830a517d1b703c3eabdac2855 (size: 160)
24nUVBIlCGi4twz4nYxJum, fromis_9, 64, k-pop || k-pop girl group, https://i.scdn.co/image/ab6761610000e5ebd6af403be25256e1fdf15eca (size: 640) || https://i.scdn.co/image/ab67616100005174d6af403be25256e1fdf15eca (size: 320) || https://i.scdn.co/image/ab6761610000f178d6af403be25256e1fdf15eca (size: 160)
13kJgvU22LHMsJtGWLmx7W, Girl's Day, 48, k-pop || k-pop girl group, https://i.scdn.co/image/ab67616d0000b2739e03d61c4f569348f1bedacd (size: 640) || https://i.scdn.co/image/ab67616d00001e02834f36d87a5782ead34f3183 (size: 300) || https://i.scdn.co/image/ab67616d00004851834f36d87a5782ead34f3183 (size: 64)
1xs6WFotNQSXweo0GXrS0O, EXID, 52, k-pop || k-pop girl group, https://i.scdn.co/image/ab6761610000e5eb271110d977700b69d9548993 (size: 640) || https://i.scdn.co/image/ab67616100005174271110d977700b69d9548993 (size: 320) || https://i.scdn.co/image/ab6761610000f178271110d977700b69d9548993 (size: 160)
6OwKE9Ez6ALxpTaKcT5ayv, AKMU, 62, k-pop, https://i.scdn.co/image/ab6761610000e5eb00beb181c5f5464f4562f90f (size: 640) || https://i.scdn.co/image/ab6761610000517400beb181c5f5464f4562f90f (size: 320) || https://i.scdn.co/image/ab6761610000f17800beb181c5f5464f4562f90f (size: 160)
5vGoWnZO65NBgiZYBmi3iW, KANGDANIEL, 54, k-pop, https://i.scdn.co/image/ab6761610000e5ebe98c6f1166a8dca51e752a89 (size: 640) || https://i.scdn.co/image/ab67616100005174e98c6f1166a8dca51e752a89 (size: 320) || https://i.scdn.co/image/ab6761610000f178e98c6f1166a8dca51e752a89 (size: 160)
7F1iAHRYxR3MY7yAEuFqgL, JIHYO, 57, , https://i.scdn.co/image/ab6761610000e5eb35d2a39ff33092ad964e4506 (size: 640) || https://i.scdn.co/image/ab6761610000517435d2a39ff33092ad964e4506 (size: 320) || https://i.scdn.co/image/ab6761610000f17835d2a39ff33092ad964e4506 (size: 160)
0VMFTqmv0hYlWruyBERT95, Jessica Baio, 59, singer-songwriter pop, https://i.scdn.co/image/ab6761610000e5eb1450a1da5e3125aa4c4562c1 (size: 640) || https://i.scdn.co/image/ab676161000051741450a1da5e3125aa4c4562c1 (size: 320) || https://i.scdn.co/image/ab6761610000f1781450a1da5e3125aa4c4562c1 (size: 160)
250b0Wlc5Vk0CoUsaCY84M, JENNIE, 80, k-pop, https://i.scdn.co/image/ab6761610000e5ebcab652097be01bf194cdf11d (size: 640) || https://i.scdn.co/image/ab67616100005174cab652097be01bf194cdf11d (size: 320) || https://i.scdn.co/image/ab6761610000f178cab652097be01bf194cdf11d (size: 160)
5L1lO4eRHmJ7a0Q6csE5cT, LISA, 82, k-pop, https://i.scdn.co/image/ab6761610000e5eb426faee7010fa829bb527cfb (size: 640) || https://i.scdn.co/image/ab67616100005174426faee7010fa829bb527cfb (size: 320) || https://i.scdn.co/image/ab6761610000f178426faee7010fa829bb527cfb (size: 160)
3eVa5w3URK5duf6eyVDbu9, ROSÃ‰, 64, k-pop, https://i.scdn.co/image/ab6761610000e5eb727a1f1f508238a20ac9fdbf (size: 640) || https://i.scdn.co/image/ab67616100005174727a1f1f508238a20ac9fdbf (size: 320) || https://i.scdn.co/image/ab6761610000f178727a1f1f508238a20ac9fdbf (size: 160)
1iyFL3CRuKW7PXgPH4VxSP, TEMPEST, 46, k-pop boy group, https://i.scdn.co/image/ab6761610000e5eb9911c736617c213eb64cb5ce (size: 640) || https://i.scdn.co/image/ab676161000051749911c736617c213eb64cb5ce (size: 320) || https://i.scdn.co/image/ab6761610000f1789911c736617c213eb64cb5ce (size: 160)
6UZ0ba50XreR4TM8u322gs, JISOO, 65, k-pop, https://i.scdn.co/image/ab6761610000e5ebcb6017286dd64ca6b77c879f (size: 640) || https://i.scdn.co/image/ab67616100005174cb6017286dd64ca6b77c879f (size: 320) || https://i.scdn.co/image/ab6761610000f178cb6017286dd64ca6b77c879f (size: 160)
4yiB30K5scGkjmAgHGIH8Y, T.O.P., 30, , https://i.scdn.co/image/ab6761610000e5ebe47c7771916f0a6b5b88e7aa (size: 640) || https://i.scdn.co/image/ab67616100005174e47c7771916f0a6b5b88e7aa (size: 320) || https://i.scdn.co/image/ab6761610000f178e47c7771916f0a6b5b88e7aa (size: 160)
1SIocsqdEefUTE6XKGUiVS, BABYMONSTER, 74, 5th gen k-pop, https://i.scdn.co/image/ab6761610000e5ebc88257a512bc6cec18b7bc12 (size: 640) || https://i.scdn.co/image/ab67616100005174c88257a512bc6cec18b7bc12 (size: 320) || https://i.scdn.co/image/ab6761610000f178c88257a512bc6cec18b7bc12 (size: 160)
6S3tOdgtc5qz16hwmMjEBN, LUCAS, 40, 5th gen k-pop, https://i.scdn.co/image/ab6761610000e5eb9283a3963d2ad5f226cd4cb4 (size: 640) || https://i.scdn.co/image/ab676161000051749283a3963d2ad5f226cd4cb4 (size: 320) || https://i.scdn.co/image/ab6761610000f1789283a3963d2ad5f226cd4cb4 (size: 160)
5DuzBeOgFwViFcv00Q5PFb, WINNER, 53, k-pop || k-pop boy group, https://i.scdn.co/image/ab6761610000e5eb9c4acb1897759452c0ed82d9 (size: 640) || https://i.scdn.co/image/ab676161000051749c4acb1897759452c0ed82d9 (size: 320) || https://i.scdn.co/image/ab6761610000f1789c4acb1897759452c0ed82d9 (size: 160)